game_id,move_number,sfen,prev_sfen,move_usi,player,black_player,white_player,best_move,score_cp,pv
sample,0,lnsgkgsnl/1r5b1/ppppppppp/9/9/9/PPPPPPPPP/1B5R1/LNSGKGSNL b - 1,lnsgkgsnl/1r5b1/ppppppppp/9/9/9/PPPPPPPPP/1B5R1/LNSGKGSNL b - 1,,black,DUB137,dimolt77,2g2f,70,2g2f 8c8d 7g7f 4a3b 2f2e 8d8e 8h7g 3c3d
sample,1,lnsgkgsnl/1r5b1/ppppppppp/9/9/7P1/PPPPPPP1P/1B5R1/LNSGKGSNL w - 2,lnsgkgsnl/1r5b1/ppppppppp/9/9/9/PPPPPPPPP/1B5R1/LNSGKGSNL b - 1,2g2f,black,DUB137,dimolt77,8c8d,-64,8c8d 7g7f 8d8e 8h7g 3c3d 7i6h 4a3b 2f2e
sample,2,lnsgkgsnl/1r5b1/pppppp1pp/6p2/9/7P1/PPPPPPP1P/1B5R1/LNSGKGSNL b - 3,lnsgkgsnl/1r5b1/ppppppppp/9/9/7P1/PPPPPPP1P/1B5R1/LNSGKGSNL w - 2,3c3d,white,DUB137,dimolt77,7g7f,107,7g7f 8c8d 2f2e 8d8e 6i7h 8e8f 8g8f 8b8f
sample,3,lnsgkgsnl/1r5b1/pppppp1pp/6p2/7P1/9/PPPPPPP1P/1B5R1/LNSGKGSNL w - 4,lnsgkgsnl/1r5b1/pppppp1pp/6p2/9/7P1/PPPPPPP1P/1B5R1/LNSGKGSNL b - 3,2f2e,black,DUB137,dimolt77,2b3c,-37,2b3c 7g7f 3a2b 8h3c+ 2b3c 7i8h 7a6b 3i3h
sample,4,lnsgkgsnl/1r7/ppppppbpp/6p2/7P1/9/PPPPPPP1P/1B5R1/LNSGKGSNL b - 5,lnsgkgsnl/1r5b1/pppppp1pp/6p2/7P1/9/PPPPPPP1P/1B5R1/LNSGKGSNL w - 4,2b3c,white,DUB137,dimolt77,7g7f,35,7g7f 3a2b 8h3c+ 2b3c 7i7h 7a6b 3i3h 4a3b
sample,5,lnsgkgsnl/1r7/ppppppbpp/6p2/7P1/8P/PPPPPPP2/1B5R1/LNSGKGSNL w - 6,lnsgkgsnl/1r7/ppppppbpp/6p2/7P1/9/PPPPPPP1P/1B5R1/LNSGKGSNL b - 5,1g1f,black,DUB137,dimolt77,3a2b,-18,7a6b 7g7f 3a4b 3i3h 8c8d 8h3c+ 4b3c 7i8h
sample,6,lnsgkgsnl/1r7/pppp1pbpp/4p1p2/7P1/8P/PPPPPPP2/1B5R1/LNSGKGSNL b - 7,lnsgkgsnl/1r7/ppppppbpp/6p2/7P1/8P/PPPPPPP2/1B5R1/LNSGKGSNL w - 6,5c5d,white,DUB137,dimolt77,7g7f,60,7g7f 4c4d 7i7h 3a3b 3i4h 3b4c 5g5f 8c8d
sample,7,lnsgkgsnl/1r7/pppp1pbpp/4p1p2/7P1/2P5P/PP1PPPP2/1B5R1/LNSGKGSNL w - 8,lnsgkgsnl/1r7/pppp1pbpp/4p1p2/7P1/8P/PPPPPPP2/1B5R1/LNSGKGSNL b - 7,7g7f,black,DUB137,dimolt77,4c4d,-64,4c4d 7i7h 3a4b 5g5f 4a3b 8h7i 4b4c 3i4h
sample,8,lnsgkgsnl/1r7/pppp1pbpp/6p2/4p2P1/2P5P/PP1PPPP2/1B5R1/LNSGKGSNL b - 9,lnsgkgsnl/1r7/pppp1pbpp/4p1p2/7P1/2P5P/PP1PPPP2/1B5R1/LNSGKGSNL w - 8,5d5e,white,DUB137,dimolt77,5i6h,61,5i6h 8b5b 3i4h 5a6b 6h7h 3a4b 3g3f 6b7b
sample,9,lnsgkgsnl/1r7/pppp1pbpp/6p2/4p2P1/2P5P/PP1PPPP2/1B1K3R1/LNSG1GSNL w - 10,lnsgkgsnl/1r7/pppp1pbpp/6p2/4p2P1/2P5P/PP1PPPP2/1B5R1/LNSGKGSNL b - 9,5i6h,black,DUB137,dimolt77,8b5b,-61,8b5b 3i4h 5a6b 4i5h 6b7b 6h7h 3a4b 3g3f
sample,10,lnsgkgsnl/4r4/pppp1pbpp/6p2/4p2P1/2P5P/PP1PPPP2/1B1K3R1/LNSG1GSNL b - 11,lnsgkgsnl/1r7/pppp1pbpp/6p2/4p2P1/2P5P/PP1PPPP2/1B1K3R1/LNSG1GSNL w - 10,8b5b,white,DUB137,dimolt77,3i4h,84,3i4h 5a6b 6h7h 3a4b 3g3f 6b7b 9g9f 9c9d
sample,11,lnsgkgsnl/4r4/pppp1pbpp/6p2/4p2P1/2P5P/PP1PPPP2/1B1K1S1R1/LNSG1G1NL w - 12,lnsgkgsnl/4r4/pppp1pbpp/6p2/4p2P1/2P5P/PP1PPPP2/1B1K3R1/LNSG1GSNL b - 11,3i4h,black,DUB137,dimolt77,5a6b,-56,5a6b 3g3f 6b7b 6h7h 3a4b 9g9f 9c9d 2i3g
sample,12,lnsgkg1nl/4rs3/pppp1pbpp/6p2/4p2P1/2P5P/PP1PPPP2/1B1K1S1R1/LNSG1G1NL b - 13,lnsgkgsnl/4r4/pppp1pbpp/6p2/4p2P1/2P5P/PP1PPPP2/1B1K1S1R1/LNSG1G1NL w - 12,3a4b,white,DUB137,dimolt77,9g9f,107,9g9f 5a6b 9f9e 4b5c 6h7h 5c5d 7i6h 6b7b
sample,13,lnsgkg1nl/4rs3/pppp1pbpp/6p2/4p2P1/2P2P2P/PP1PP1P2/1B1K1S1R1/LNSG1G1NL w - 14,lnsgkg1nl/4rs3/pppp1pbpp/6p2/4p2P1/2P5P/PP1PPPP2/1B1K1S1R1/LNSG1G1NL b - 13,4g4f,black,DUB137,dimolt77,5a6b,-34,5a6b 6h7h 9c9d 3g3f 9d9e 2e2d 2c2d 2i3g
sample,14,lnsg1g1nl/3krs3/pppp1pbpp/6p2/4p2P1/2P2P2P/PP1PP1P2/1B1K1S1R1/LNSG1G1NL b - 15,lnsgkg1nl/4rs3/pppp1pbpp/6p2/4p2P1/2P2P2P/PP1PP1P2/1B1K1S1R1/LNSG1G1NL w - 14,5a6b,white,DUB137,dimolt77,6h7h,43,6h7h 9c9d 9g9f 6b7b 4i5h 4b5c 5g5f 5e5f
sample,15,lnsg1g1nl/3krs3/pppp1pbpp/6p2/4p2P1/2P2P2P/PP1PPSP2/1B1K3R1/LNSG1G1NL w - 16,lnsg1g1nl/3krs3/pppp1pbpp/6p2/4p2P1/2P2P2P/PP1PP1P2/1B1K1S1R1/LNSG1G1NL b - 15,4h4g,black,DUB137,dimolt77,4b5c,-8,9c9d 9g9f 4b5c 6h7h 5c5d 7i6h 6b7b 6g6f
sample,16,lnsg1g1nl/3kr4/ppppspbpp/6p2/4p2P1/2P2P2P/PP1PPSP2/1B1K3R1/LNSG1G1NL b - 17,lnsg1g1nl/3krs3/pppp1pbpp/6p2/4p2P1/2P2P2P/PP1PPSP2/1B1K3R1/LNSG1G1NL w - 16,4b5c,white,DUB137,dimolt77,4f4e,0,6h7h 5c5d 6g6f 9c9d 9g9f 6b7b 7i6h 7b8b
sample,17,lnsg1g1nl/3kr4/ppppspbpp/6p2/4p2P1/2P1PP2P/PP1P1SP2/1B1K3R1/LNSG1G1NL w - 18,lnsg1g1nl/3kr4/ppppspbpp/6p2/4p2P1/2P2P2P/PP1PPSP2/1B1K3R1/LNSG1G1NL b - 17,5g5f,black,DUB137,dimolt77,5c6d,0,5c6d 5f5e 6d5e 6h7h 6b7b 7i6h 7b8b 9g9f
sample,18,lnsg1g1nl/3kr4/pppp1pbpp/5sp2/4p2P1/2P1PP2P/PP1P1SP2/1B1K3R1/LNSG1G1NL b - 19,lnsg1g1nl/3kr4/ppppspbpp/6p2/4p2P1/2P1PP2P/PP1P1SP2/1B1K3R1/LNSG1G1NL w - 18,5c4d,white,DUB137,dimolt77,2h5h,3,2h5h 5e5f 4g5f 6b7b 3g3f 4d5c P*5e 5c6d
sample,19,lnsg1g1nl/3kr4/pppp1pbpp/5sp2/4pP1P1/2P1P3P/PP1P1SP2/1B1K3R1/LNSG1G1NL w - 20,lnsg1g1nl/3kr4/pppp1pbpp/5sp2/4p2P1/2P1PP2P/PP1P1SP2/1B1K3R1/LNSG1G1NL b - 19,4f4e,black,DUB137,dimolt77,4d4e,101,4d4e 5f5e P*5f 4i5h 3c5e 8h5e 5b5e B*6f
sample,20,lnsg1g1nl/3kr4/pppp1pbpp/6p2/4ps1P1/2P1P3P/PP1P1SP2/1B1K3R1/LNSG1G1NL b p 21,lnsg1g1nl/3kr4/pppp1pbpp/5sp2/4pP1P1/2P1P3P/PP1P1SP2/1B1K3R1/LNSG1G1NL w - 20,4d4e,white,DUB137,dimolt77,5f5e,-80,5f5e 5b5e P*4f 4e5d 6h7h 6b7b 8h5e 5d5e
sample,21,lnsg1g1nl/3kr4/pppp1pbpp/6p2/4Ps1P1/2P5P/PP1P1SP2/1B1K3R1/LNSG1G1NL w Pp 22,lnsg1g1nl/3kr4/pppp1pbpp/6p2/4ps1P1/2P1P3P/PP1P1SP2/1B1K3R1/LNSG1G1NL b p 21,5f5e,black,DUB137,dimolt77,5b5e,112,5b5e P*4f 4e5d 6h7h 6b7b 6i6h 7a6b 8h5e
sample,22,lnsg1g1nl/3kr4/pppp1pbpp/9/4PspP1/2P5P/PP1P1SP2/1B1K3R1/LNSG1G1NL b Pp 23,lnsg1g1nl/3kr4/pppp1pbpp/6p2/4Ps1P1/2P5P/PP1P1SP2/1B1K3R1/LNSG1G1NL w Pp 22,3d3e,white,DUB137,dimolt77,6h7h,188,6h7h 9c9d 9g9f 6b7b 2h5h 7a6b P*4f 4e3d
sample,23,lnsg1g1nl/3kr4/pppp1pbpp/7P1/4Psp2/2P5P/PP1P1SP2/1B1K3R1/LNSG1G1NL w Pp 24,lnsg1g1nl/3kr4/pppp1pbpp/9/4PspP1/2P5P/PP1P1SP2/1B1K3R1/LNSG1G1NL b Pp 23,2e2d,black,DUB137,dimolt77,2c2d,-122,2c2d 6h7h 4a3b P*2e 6b7b 2e2d P*2b P*4f
sample,24,lnsg1g1nl/3kr4/pppp1pb1p/7p1/4Psp2/2P5P/PP1P1SP2/1B1K3R1/LNSG1G1NL b P2p 25,lnsg1g1nl/3kr4/pppp1pbpp/7P1/4Psp2/2P5P/PP1P1SP2/1B1K3R1/LNSG1G1NL w Pp 24,2c2d,white,DUB137,dimolt77,6h7h,170,6h7h 6b7b 7i6h 4a3b 4i5h 7b8b 6h5g 3c5e
sample,25,lnsg1g1nl/3kr4/pppp1pb1p/7p1/4Psp2/2P2P2P/PP1P1SP2/1B1K3R1/LNSG1G1NL w 2p 26,lnsg1g1nl/3kr4/pppp1pb1p/7p1/4Psp2/2P5P/PP1P1SP2/1B1K3R1/LNSG1G1NL b P2p 25,P*4f,black,DUB137,dimolt77,4e3d,-30,4e3d 6h7h 6b7b 3g3f 9c9d 2h5h 3e3f 4g3f
sample,26,lnsg1g1nl/3kr4/pppp1pb1p/6sp1/4P1p2/2P2P2P/PP1P1SP2/1B1K3R1/LNSG1G1NL b 2p 27,lnsg1g1nl/3kr4/pppp1pb1p/7p1/4Psp2/2P2P2P/PP1P1SP2/1B1K3R1/LNSG1G1NL w 2p 26,4e3d,white,DUB137,dimolt77,6h7h,27,6h7h 6b7b 3g3f 7a6b 6i6h 3e3f 4g3f P*5f
sample,27,lnsg1g1nl/3kr4/pppp1pb1p/6sp1/4P1p2/2P1SP2P/PP1P2P2/1B1K3R1/LNSG1G1NL w 2p 28,lnsg1g1nl/3kr4/pppp1pb1p/6sp1/4P1p2/2P2P2P/PP1P1SP2/1B1K3R1/LNSG1G1NL b 2p 27,4g5f,black,DUB137,dimolt77,6b7b,124,6b7b 6h7h 2d2e 5f4e 3d4e 4f4e S*3d 4i5h
sample,28,lnsg3nl/3kr1g2/pppp1pb1p/6sp1/4P1p2/2P1SP2P/PP1P2P2/1B1K3R1/LNSG1G1NL b 2p 29,lnsg1g1nl/3kr4/pppp1pb1p/6sp1/4P1p2/2P1SP2P/PP1P2P2/1B1K3R1/LNSG1G1NL w 2p 28,4a3b,white,DUB137,dimolt77,4i5h,80,4i5h 6b7b 6h7h 7b8b 5h4g 4c4d 3g3f 3e3f
sample,29,lnsg3nl/3kr1g2/pppp1pb1p/6sp1/4P1p2/2P1SP2P/PP1P2P2/1B1KG2R1/LNSG3NL w 2p 30,lnsg3nl/3kr1g2/pppp1pb1p/6sp1/4P1p2/2P1SP2P/PP1P2P2/1B1K3R1/LNSG1G1NL b 2p 29,4i5h,black,DUB137,dimolt77,6b7b,-58,6b7b 6h7h 7b8b 9g9f 9c9d 5h4g 7a7b 4f4e
sample,30,lnsg3nl/2k1r1g2/pppp1pb1p/6sp1/4P1p2/2P1SP2P/PP1P2P2/1B1KG2R1/LNSG3NL b 2p 31,lnsg3nl/3kr1g2/pppp1pb1p/6sp1/4P1p2/2P1SP2P/PP1P2P2/1B1KG2R1/LNSG3NL w 2p 30,6b7b,white,DUB137,dimolt77,6h7h,17,6h7h 9c9d 9g9f 7b8b 5h4g 7a7b 4f4e 2d2e
sample,31,lnsg3nl/2k1r1g2/pppp1pb1p/6sp1/4P1p2/P1P1SP2P/1P1P2P2/1B1KG2R1/LNSG3NL w 2p 32,lnsg3nl/2k1r1g2/pppp1pb1p/6sp1/4P1p2/2P1SP2P/PP1P2P2/1B1KG2R1/LNSG3NL b 2p 31,9g9f,black,DUB137,dimolt77,P*5d,-36,P*5d 5e5d 3c8h+ 7i8h 5b5d 5f6e 5d5e 8i7g
sample,32,lnsg3nl/2k1r1g2/1ppp1pb1p/p5sp1/4P1p2/P1P1SP2P/1P1P2P2/1B1KG2R1/LNSG3NL b 2p 33,lnsg3nl/2k1r1g2/pppp1pb1p/6sp1/4P1p2/P1P1SP2P/1P1P2P2/1B1KG2R1/LNSG3NL w 2p 32,9c9d,white,DUB137,dimolt77,6h7h,60,5h4g 7b8b 6h7h 7a7b 8h7g P*5d 5e5d 3c7g+
sample,33,lnsg3nl/2k1r1g2/1ppp1pb1p/p5sp1/4P1p2/P1P1SP2P/1P1P2P2/1BK1G2R1/LNSG3NL w 2p 34,lnsg3nl/2k1r1g2/1ppp1pb1p/p5sp1/4P1p2/P1P1SP2P/1P1P2P2/1B1KG2R1/LNSG3NL b 2p 33,6h7h,black,DUB137,dimolt77,4c4d,-80,4c4d 7i6h 3b4c 5h4g 7b8b 5f6e P*5c 3g3f
sample,34,lnsg3nl/1k2r1g2/1ppp1pb1p/p5sp1/4P1p2/P1P1SP2P/1P1P2P2/1BK1G2R1/LNSG3NL b 2p 35,lnsg3nl/2k1r1g2/1ppp1pb1p/p5sp1/4P1p2/P1P1SP2P/1P1P2P2/1BK1G2R1/LNSG3NL w 2p 34,7b8b,white,DUB137,dimolt77,5h4g,73,5h4g 7a7b 6i6h 5b5a 8h7g 1c1d 3g3f 3e3f
sample,35,lnsg3nl/1k2r1g2/1ppp1pb1p/p5sp1/4P1p2/P1P1SP2P/1P1P2P2/1BKSG2R1/LN1G3NL w 2p 36,lnsg3nl/1k2r1g2/1ppp1pb1p/p5sp1/4P1p2/P1P1SP2P/1P1P2P2/1BK1G2R1/LNSG3NL b 2p 35,7i6h,black,DUB137,dimolt77,7a7b,-57,7a7b 8h7g 4c4d 5h4g 3b4c 7g8f P*5c 5f6e
sample,36,ln1g3nl/1ks1r1g2/1ppp1pb1p/p5sp1/4P1p2/P1P1SP2P/1P1P2P2/1BKSG2R1/LN1G3NL b 2p 37,lnsg3nl/1k2r1g2/1ppp1pb1p/p5sp1/4P1p2/P1P1SP2P/1P1P2P2/1BKSG2R1/LN1G3NL w 2p 36,7a7b,white,DUB137,dimolt77,5h4g,55,5h4g P*5d 2h5h 5b5a 3g3f 3e3f 4g3f P*3e
sample,37,ln1g3nl/1ks1r1g2/1ppp1pb1p/p5sp1/4P1p2/P1P1SP2P/1P1PS1P2/1BK1G2R1/LN1G3NL w 2p 38,ln1g3nl/1ks1r1g2/1ppp1pb1p/p5sp1/4P1p2/P1P1SP2P/1P1P2P2/1BKSG2R1/LN1G3NL b 2p 37,6h5g,black,DUB137,dimolt77,4c4d,12,4c4d 5f4g 3b4c 3g3f 3e3f 2h3h 4d4e 4g3f
sample,38,ln1gr2nl/1ks3g2/1ppp1pb1p/p5sp1/4P1p2/P1P1SP2P/1P1PS1P2/1BK1G2R1/LN1G3NL b 2p 39,ln1g3nl/1ks1r1g2/1ppp1pb1p/p5sp1/4P1p2/P1P1SP2P/1P1PS1P2/1BK1G2R1/LN1G3NL w 2p 38,5b5a,white,DUB137,dimolt77,5h4g,0,5h4g 6c6d 3g3f 3e3f 4g3f P*5d 5g6f P*3e
sample,39,ln1gr2nl/1ks3g2/1ppp1pb1p/p5sp1/4P1p2/P1P1SP2P/1P1PS1P2/1BKGG2R1/LN5NL w 2p 40,ln1gr2nl/1ks3g2/1ppp1pb1p/p5sp1/4P1p2/P1P1SP2P/1P1PS1P2/1BK1G2R1/LN1G3NL b 2p 39,6i6h,black,DUB137,dimolt77,2d2e,81,2d2e 2i1g 3c4d 1g2e P*2f 4f4e 4d2b P*2c
sample,40,ln1gr2nl/1ks3g2/1pp2pb1p/p2p2sp1/4P1p2/P1P1SP2P/1P1PS1P2/1BKGG2R1/LN5NL b 2p 41,ln1gr2nl/1ks3g2/1ppp1pb1p/p5sp1/4P1p2/P1P1SP2P/1P1PS1P2/1BKGG2R1/LN5NL w 2p 40,6c6d,white,DUB137,dimolt77,6g6f,14,6g6f 2d2e 6f6e 6d6e 5h6g 3c4b 5f6e 2a3c
sample,41,ln1gr2nl/1ks3g2/1pp2pb1p/p2p2sp1/4PSp2/P1P2P2P/1P1PS1P2/1BKGG2R1/LN5NL w 2p 42,ln1gr2nl/1ks3g2/1pp2pb1p/p2p2sp1/4P1p2/P1P1SP2P/1P1PS1P2/1BKGG2R1/LN5NL b 2p 41,5f4e,black,DUB137,dimolt77,3d4e,122,3d4e 4f4e 3c5e 8h5e 5a5e 2h2d 5e5a P*5b
sample,42,ln1gr2nl/1ks3g2/1pp2pb1p/p2p3p1/4Psp2/P1P2P2P/1P1PS1P2/1BKGG2R1/LN5NL b s2p 43,ln1gr2nl/1ks3g2/1pp2pb1p/p2p2sp1/4PSp2/P1P2P2P/1P1PS1P2/1BKGG2R1/LN5NL w 2p 42,3d4e,white,DUB137,dimolt77,4f4e,-94,4f4e 3c5e 8h5e 5a5e 2h2d 5e5a 4e4d B*3c
sample,43,ln1gr2nl/1ks3g2/1pp2pb1p/p2p3p1/4PPp2/P1P5P/1P1PS1P2/1BKGG2R1/LN5NL w Ss2p 44,ln1gr2nl/1ks3g2/1pp2pb1p/p2p3p1/4Psp2/P1P2P2P/1P1PS1P2/1BKGG2R1/LN5NL b s2p 43,4f4e,black,DUB137,dimolt77,3c5e,118,3e3f 3g3f 3c5e 8h5e 5a5e 4e4d 4c4d 2h2d
sample,44,ln1gr2nl/1ks3g2/1pp2pb1p/p2p3p1/4PP3/P1P3p1P/1P1PS1P2/1BKGG2R1/LN5NL b Ss2p 45,ln1gr2nl/1ks3g2/1pp2pb1p/p2p3p1/4PPp2/P1P5P/1P1PS1P2/1BKGG2R1/LN5NL w Ss2p 44,3e3f,white,DUB137,dimolt77,3g3f,-48,3g3f 3c5e 8h5e 5a5e B*3e 5e4e 5g4f 4e3e
sample,45,ln1gr2nl/1ks3g2/1pp2pb1p/p2pP2p1/5P3/P1P3p1P/1P1PS1P2/1BKGG2R1/LN5NL w Ss2p 46,ln1gr2nl/1ks3g2/1pp2pb1p/p2p3p1/4PP3/P1P3p1P/1P1PS1P2/1BKGG2R1/LN5NL b Ss2p 45,5e5d,black,DUB137,dimolt77,3c8h+,903,3c8h+ 7h8h 5a5d S*4h P*5f 5g4f S*5g 4h5g
sample,46,ln1gr2nl/1ks3g2/1pp2pb1p/p2pP2p1/5P3/P1P5P/1P1PS1+p2/1BKGG2R1/LN5NL b Ss3p 47,ln1gr2nl/1ks3g2/1pp2pb1p/p2pP2p1/5P3/P1P3p1P/1P1PS1P2/1BKGG2R1/LN5NL w Ss2p 46,3f3g+,white,DUB137,dimolt77,2i3g,-857,2i3g 3c8h+ 7h8h P*3f B*5c 3f3g+ 2h2f 5a5c
sample,47,ln1gr2nl/1ks3g2/1pp2p+B1p/p2pP2p1/5P3/P1P5P/1P1PS1+p2/2KGG2R1/LN5NL w BSs3p 48,ln1gr2nl/1ks3g2/1pp2pb1p/p2pP2p1/5P3/P1P5P/1P1PS1+p2/1BKGG2R1/LN5NL b Ss3p 47,8h3c+,black,DUB137,dimolt77,2a3c,916,2a3c 2i3g 5a5d B*2f 2d2e P*5e 5d3d S*3e
sample,48,ln1gr3l/1ks3g2/1pp2pn1p/p2pP2p1/5P3/P1P5P/1P1PS1+p2/2KGG2R1/LN5NL b BSbs3p 49,ln1gr2nl/1ks3g2/1pp2p+B1p/p2pP2p1/5P3/P1P5P/1P1PS1+p2/2KGG2R1/LN5NL w BSs3p 48,2a3c,white,DUB137,dimolt77,2i3g,-980,2i3g 5a5d 2h2f 2d2e 2f3f B*2g 3f3e S*2f
sample,49,ln1gr3l/1ks3g2/1pp2pn1p/p2pP2R1/5P3/P1P5P/1P1PS1+p2/2KGG4/LN5NL w BSPbs3p 50,ln1gr3l/1ks3g2/1pp2pn1p/p2pP2p1/5P3/P1P5P/1P1PS1+p2/2KGG2R1/LN5NL b BSbs3p 49,2h2d,black,DUB137,dimolt77,3c4e,1200,3c4e 2i3g 4e5g 5h5g S*8h B*6f S*7i S*5i
sample,50,ln1gr3l/1ks3g2/1pp2pn1p/p2pP2R1/5Pb2/P1P5P/1P1PS1+p2/2KGG4/LN5NL b BSPs3p 51,ln1gr3l/1ks3g2/1pp2pn1p/p2pP2R1/5P3/P1P5P/1P1PS1+p2/2KGG4/LN5NL w BSPbs3p 50,B*3e,white,DUB137,dimolt77,2d3d,-525,2d3d 3g3f 9f9e 9d9e B*5c 3e5c 5d5c+ 5a5c
sample,51,ln1gr3l/1ks3g2/1pp2pn1p/p2pP1R2/5Pb2/P1P5P/1P1PS1+p2/2KGG4/LN5NL w BSPs3p 52,ln1gr3l/1ks3g2/1pp2pn1p/p2pP2R1/5Pb2/P1P5P/1P1PS1+p2/2KGG4/LN5NL b BSPs3p 51,2d3d,black,DUB137,dimolt77,3g3f,528,3g3f 9f9e 9d9e 3d3e 3f3e B*5c 5a2a S*6b
sample,52,ln1gr3l/1ks3g2/1pp2pn1p/p2pP1R2/5P3/P1P5P/1P1P+b1+p2/2KGG4/LN5NL b BSP2s3p 53,ln1gr3l/1ks3g2/1pp2pn1p/p2pP1R2/5Pb2/P1P5P/1P1PS1+p2/2KGG4/LN5NL w BSPs3p 52,3e5g+,white,DUB137,dimolt77,5h5g,-60,5h5g S*5i 6h6i 5i4h 5g5h P*5g 5h6h 3g4g
sample,53,ln1gr3l/1ks3g2/1pp2pn1p/p2pP1R2/5P3/P1P5P/1P1PG1+p2/2KG5/LN5NL w 2BSP2s3p 54,ln1gr3l/1ks3g2/1pp2pn1p/p2pP1R2/5P3/P1P5P/1P1P+b1+p2/2KGG4/LN5NL b BSP2s3p 53,5h5g,black,DUB137,dimolt77,3b2c,148,3b2c 3d3g 5a5d B*1g P*5f 5g5h P*3e P*5e
sample,54,ln1gr3l/1ks3g2/1pp2p2p/p2pP1R2/5n3/P1P5P/1P1PG1+p2/2KG5/LN5NL b 2BSP2s4p 55,ln1gr3l/1ks3g2/1pp2pn1p/p2pP1R2/5P3/P1P5P/1P1PG1+p2/2KG5/LN5NL w 2BSP2s3p 54,3c4e,white,DUB137,dimolt77,3d3b+,1074,3d3b+ 4e5g+ 6h5g 3g4g 5g4g 5a5d P*5f P*3a
sample,55,ln1gr3l/1ks3g2/1pp2p2p/p2pP1R2/5n3/P1P5P/1P1P2+p2/2KGG4/LN5NL w 2BSP2s4p 56,ln1gr3l/1ks3g2/1pp2p2p/p2pP1R2/5n3/P1P5P/1P1PG1+p2/2KG5/LN5NL b 2BSP2s4p 55,5g5h,black,DUB137,dimolt77,P*3c,796,P*3c B*5c 3c3d S*6b P*5b 6b5a+ 5b5c 5a6a
sample,56,ln1gr3l/1ks3g2/1pp2pp1p/p2pP1R2/5n3/P1P5P/1P1P2+p2/2KGG4/LN5NL b 2BSP2s3p 57,ln1gr3l/1ks3g2/1pp2p2p/p2pP1R2/5n3/P1P5P/1P1P2+p2/2KGG4/LN5NL w 2BSP2s4p 56,P*3c,white,DUB137,dimolt77,3d2d,-820,3d2d P*5g 5h5i S*5h 5i5h 5g5h+ 6h5h P*2c
sample,57,ln1gr3l/1ks3g2/1pp2pp1p/p2pP2R1/5n3/P1P5P/1P1P2+p2/2KGG4/LN5NL w 2BSP2s3p 58,ln1gr3l/1ks3g2/1pp2pp1p/p2pP1R2/5n3/P1P5P/1P1P2+p2/2KGG4/LN5NL b 2BSP2s3p 57,3d2d,black,DUB137,dimolt77,P*5g,913,P*5g 5h5i S*5h 5i5h 5g5h+ 6h5h P*2c 2d2f
sample,58,ln1gr3l/1ks3g2/1pp2pp1p/p2pP2R1/5n3/P1P5P/1P1Pp1+p2/2KGG4/LN5NL b 2BSP2s2p 59,ln1gr3l/1ks3g2/1pp2pp1p/p2pP2R1/5n3/P1P5P/1P1P2+p2/2KGG4/LN5NL w 2BSP2s3p 58,P*5g,white,DUB137,dimolt77,5h5i,-890,5h5i S*5h 6h5h 5g5h+ 5i5h P*2c 2d2f 5a5d
sample,59,ln1gr3l/1ks3g2/1pp2pp1p/p2pP2R1/5n3/P1P5P/1P1Pp1+p2/2KG5/LN2G2NL w 2BSP2s2p 60,ln1gr3l/1ks3g2/1pp2pp1p/p2pP2R1/5n3/P1P5P/1P1Pp1+p2/2KGG4/LN5NL b 2BSP2s2p 59,5h5i,black,DUB137,dimolt77,S*5h,1217,S*5h 5i5h 5g5h+ 6h5h P*2c 2d2f 5a5d P*5e
sample,60,ln1gr3l/1ks3g2/1pp2pp1p/p2pP2R1/5n3/P1P5P/1P1Pp+p3/2KG5/LN2G2NL b 2BSP2s2p 61,ln1gr3l/1ks3g2/1pp2pp1p/p2pP2R1/5n3/P1P5P/1P1Pp1+p2/2KG5/LN2G2NL w 2BSP2s2p 60,3g4g,white,DUB137,dimolt77,9f9e,-812,9f9e 5g5h+ 5i5h 4g5h 6h5h S*3e 2d2h P*2g
sample,61,ln1gr3l/1ks3g2/1pp1+Ppp1p/p2p3R1/5n3/P1P5P/1P1Pp+p3/2KG5/LN2G2NL w 2BSP2s2p 62,ln1gr3l/1ks3g2/1pp2pp1p/p2pP2R1/5n3/P1P5P/1P1Pp+p3/2KG5/LN2G2NL b 2BSP2s2p 61,5d5c+,black,DUB137,dimolt77,5a5c,1024,5a5c P*5d 5c5a 9f9e 9d9e B*5c 5g5h+ 6h5h
sample,62,ln1g4l/1ks3g2/1pp1rpp1p/p2p3R1/5n3/P1P5P/1P1Pp+p3/2KG5/LN2G2NL b 2BSP2s3p 63,ln1gr3l/1ks3g2/1pp1+Ppp1p/p2p3R1/5n3/P1P5P/1P1Pp+p3/2KG5/LN2G2NL w 2BSP2s2p 62,5a5c,white,DUB137,dimolt77,P*5d,-1107,P*5d 5c5a 9f9e 9d9e B*5c 5g5h+ S*6b 5h6h
sample,63,ln1g3+Rl/1ks3g2/1pp1rpp1p/p2p5/5n3/P1P5P/1P1Pp+p3/2KG5/LN2G2NL w 2BSP2s3p 64,ln1g4l/1ks3g2/1pp1rpp1p/p2p3R1/5n3/P1P5P/1P1Pp+p3/2KG5/LN2G2NL b 2BSP2s3p 63,2d2a+,black,DUB137,dimolt77,5g5h+,1244,5g5h+ 6h5h 4g5h B*6b G*3a 6b5c+ 3a2a 5i5h
sample,64,ln1g3+Rl/1ks3g2/1pp1rpp1p/p2p5/5n3/P1P5P/1P1P1+p3/2KG+p4/LN2G2NL b 2BSP2s3p 65,ln1g3+Rl/1ks3g2/1pp1rpp1p/p2p5/5n3/P1P5P/1P1Pp+p3/2KG5/LN2G2NL w 2BSP2s3p 64,5g5h+,white,DUB137,dimolt77,6h5h,-1218,6h5h 4g5h B*6b G*3a 6b5c+ 3a2a 5i5h R*5e
sample,65,ln1g4l/1ks3+R2/1pp1rpp1p/p2p5/5n3/P1P5P/1P1P1+p3/2KG+p4/LN2G2NL w 2BGSP2s3p 66,ln1g3+Rl/1ks3g2/1pp1rpp1p/p2p5/5n3/P1P5P/1P1P1+p3/2KG+p4/LN2G2NL b 2BSP2s3p 65,2a3b,black,DUB137,dimolt77,5h6h,2360,5h6h 5i6h 4e5g+ 6h5g 5c5g+ B*3e 5g5h S*6h
sample,66,ln1g4l/1ks3+R2/1pp1rpp1p/p2p5/5n3/P1P5P/1P1P1+p3/2K+p5/LN2G2NL b 2BGSPg2s3p 67,ln1g4l/1ks3+R2/1pp1rpp1p/p2p5/5n3/P1P5P/1P1P1+p3/2KG+p4/LN2G2NL w 2BGSP2s3p 66,5h6h,white,DUB137,dimolt77,5i6h,-2188,5i6h 4e5g+ 6h5g 5c5g+ B*3e 5g5h S*6h S*6i
sample,67,ln1g4l/1ks3+R2/1pp1rpp1p/p2p5/5n3/P1P5P/1P1P1+p3/2KG5/LN5NL w 2BGS2Pg2s3p 68,ln1g4l/1ks3+R2/1pp1rpp1p/p2p5/5n3/P1P5P/1P1P1+p3/2K+p5/LN2G2NL b 2BGSPg2s3p 67,5i6h,black,DUB137,dimolt77,4e5g+,2583,4e5g+ 6h5g 5c5g+ B*3e 5g5h S*6h S*6i 7h7g
sample,68,ln1g4l/1ks1p1+R2/1pp1rpp1p/p2p5/5n3/P1P5P/1P1P1+p3/2KG5/LN5NL b 2BGS2Pg2s2p 69,ln1g4l/1ks3+R2/1pp1rpp1p/p2p5/5n3/P1P5P/1P1P1+p3/2KG5/LN5NL w 2BGS2Pg2s3p 68,P*5b,white,DUB137,dimolt77,P*5d,-1617,P*5d 5c5d 3b4c 5d5i+ G*6i 5i2i 4c4e S*5g
sample,69,ln1g1+R2l/1ks1p4/1pp1rpp1p/p2p5/5n3/P1P5P/1P1P1+p3/2KG5/LN5NL w 2BGS2Pg2s2p 70,ln1g4l/1ks1p1+R2/1pp1rpp1p/p2p5/5n3/P1P5P/1P1P1+p3/2KG5/LN5NL b 2BGS2Pg2s2p 69,3b4a,black,DUB137,dimolt77,4e5g+,2773,4e5g+ 6h5g 5c5g+ B*3e 5g5h G*6h S*6i 7h7g
sample,70,ln1gg+R2l/1ks1p4/1pp1rpp1p/p2p5/5n3/P1P5P/1P1P1+p3/2KG5/LN5NL b 2BGS2P2s2p 71,ln1g1+R2l/1ks1p4/1pp1rpp1p/p2p5/5n3/P1P5P/1P1P1+p3/2KG5/LN5NL w 2BGS2Pg2s2p 70,G*5a,white,DUB137,dimolt77,4a1a,-1997,4a1a 4e5g+ 6h5g 5c5g+ L*6i S*5h G*7i 5g4h
sample,71,ln1gg3+R/1ks1p4/1pp1rpp1p/p2p5/5n3/P1P5P/1P1P1+p3/2KG5/LN5NL w 2BGSL2P2s2p 72,ln1gg+R2l/1ks1p4/1pp1rpp1p/p2p5/5n3/P1P5P/1P1P1+p3/2KG5/LN5NL b 2BGS2P2s2p 71,4a1a,black,DUB137,dimolt77,4e5g+,2296,4e5g+ G*6i 5g6h 6i6h 5c5i+ S*6i 4g5g 6h5g
sample,72,ln1gg3+R/1ks1p4/1pp1rpp1p/p2p5/5n3/P1P5P/1P1P5/2KG+p4/LN5NL b 2BGSL2P2s2p 73,ln1gg3+R/1ks1p4/1pp1rpp1p/p2p5/5n3/P1P5P/1P1P1+p3/2KG5/LN5NL w 2BGSL2P2s2p 72,4g5h,white,DUB137,dimolt77,6h7g,-1565,6h7g 4e5g+ 7h8h 5h6h P*5d 5c5d B*3e 5b5c
sample,73,ln1gg3+R/1ks1p4/1pp1rpp1p/p2pP4/5n3/P1P5P/1P1P5/2KG+p4/LN5NL w 2BGSLP2s2p 74,ln1gg3+R/1ks1p4/1pp1rpp1p/p2p5/5n3/P1P5P/1P1P5/2KG+p4/LN5NL b 2BGSL2P2s2p 73,P*5d,black,DUB137,dimolt77,5h6h,2364,5h6h 7h6h 5c5d B*3e 4e5g+ 6h7g S*6h 7g8f
sample,74,ln1gg3+R/1ks1p4/1pp2pp1p/p2pr4/5n3/P1P5P/1P1P5/2KG+p4/LN5NL b 2BGSLP2s3p 75,ln1gg3+R/1ks1p4/1pp1rpp1p/p2pP4/5n3/P1P5P/1P1P5/2KG+p4/LN5NL w 2BGSLP2s2p 74,5c5d,white,DUB137,dimolt77,6h7g,-1690,6h7g 5d5g+ B*3e 5h6h 7h8h 5b5c B*2f S*7i
sample,75,ln1gg3+R/1ks1p4/1pp2pp1p/p2pr4/4Pn3/P1P5P/1P1P5/2KG+p4/LN5NL w 2BGSL2s3p 76,ln1gg3+R/1ks1p4/1pp2pp1p/p2pr4/5n3/P1P5P/1P1P5/2KG+p4/LN5NL b 2BGSLP2s3p 75,P*5e,black,DUB137,dimolt77,5h6h,2641,5h6h 7h6h 5d5e P*5f 5e5f B*3e 4e5g+ 6h7g
sample,76,ln1gg3+R/1ks1p4/1pp2pp1p/p2pr4/4Pn3/P1P5P/1P1P5/2K+p5/LN5NL b 2BGSLg2s3p 77,ln1gg3+R/1ks1p4/1pp2pp1p/p2pr4/4Pn3/P1P5P/1P1P5/2KG+p4/LN5NL w 2BGSL2s3p 76,5h6h,white,DUB137,dimolt77,7h6h,-2805,7h6h 5d5e P*5f 5e5f B*3e 4e5g+ 6h7g 5g6g
sample,77,ln1gg3+R/1ks1p4/1pp2pp1p/p2pr4/4Pn3/P1P5P/1P1P5/3K5/LN5NL w 2BGSLPg2s3p 78,ln1gg3+R/1ks1p4/1pp2pp1p/p2pr4/4Pn3/P1P5P/1P1P5/2K+p5/LN5NL b 2BGSLg2s3p 77,7h6h,black,DUB137,dimolt77,5d5e,2735,5d5e P*5f 5e5f B*3e 4e5g+ 6h7g 5g6g 7g6g
sample,78,ln1gg3+R/1ks1p4/1pp2pp1p/p2p5/4rn3/P1P5P/1P1P5/3K5/LN5NL b 2BGSLPg2s4p 79,ln1gg3+R/1ks1p4/1pp2pp1p/p2pr4/4Pn3/P1P5P/1P1P5/3K5/LN5NL w 2BGSLPg2s3p 78,5d5e,white,DUB137,dimolt77,B*2f,-3062,B*2f 5e5g+ 6h7g G*6f 7g8h 5g6h L*7h S*7g
sample,79,ln1gg3+R/1ks1p4/1pp2pp1p/p2p5/4rn3/P1P1P3P/1P1P5/3K5/LN5NL w 2BGSLg2s4p 80,ln1gg3+R/1ks1p4/1pp2pp1p/p2p5/4rn3/P1P5P/1P1P5/3K5/LN5NL b 2BGSLPg2s4p 79,P*5f,black,DUB137,dimolt77,5e5f,3137,5e5f G*7h 4e5g+ 6h7g S*6i S*7i 6i7h 7i7h
sample,80,ln1gg3+R/1ks1p4/1pp2pp1p/p2p5/5n3/P1P1r3P/1P1P5/3K5/LN5NL b 2BGSLg2s5p 81,ln1gg3+R/1ks1p4/1pp2pp1p/p2p5/4rn3/P1P1P3P/1P1P5/3K5/LN5NL w 2BGSLg2s4p 80,5e5f,white,DUB137,dimolt77,G*7h,-3235,G*7h 4e5g+ 6h7g S*6i S*7i 6i7h 7i7h G*7i
sample,81,ln1gg3+R/1ks1p4/1pp2pp1p/p2p5/5n3/P1P1r3P/1P1PL4/3K5/LN5NL w 2BGSg2s5p 82,ln1gg3+R/1ks1p4/1pp2pp1p/p2p5/5n3/P1P1r3P/1P1P5/3K5/LN5NL b 2BGSLg2s5p 81,L*5g,black,DUB137,dimolt77,4e5g+,30000,4e5g+ 6h7h 5g6g 7h6g G*6f 6g6h 5f5g+ 6h7i
sample,82,ln1gg3+R/1ks1p4/1pp2pp1p/p2p5/5n3/P1P5P/1P1P+r4/3K5/LN5NL b 2BGSg2sl5p 83,ln1gg3+R/1ks1p4/1pp2pp1p/p2p5/5n3/P1P1r3P/1P1PL4/3K5/LN5NL w 2BGSg2s5p 82,5f5g+,white,DUB137,dimolt77,6h7i,-31111,6h7i 5g5i G*6i S*6h 7i8h 5i6i 8h9g 6i7i
sample,83,ln1gg3+R/1ks1p4/1pp2pp1p/p2p5/5n3/P1P5P/1PKP+r4/9/LN5NL w 2BGSg2sl5p 84,ln1gg3+R/1ks1p4/1pp2pp1p/p2p5/5n3/P1P5P/1P1P+r4/3K5/LN5NL b 2BGSg2sl5p 83,6h7g,black,DUB137,dimolt77,S*9g,30000,S*6f 7g8f L*8d B*8e 8d8e 8f8e 8a9c 8e8f
sample,84,ln1gg3+R/1ks1p4/1pp2pp1p/p2p5/5n3/P1Ps4P/1PKP+r4/9/LN5NL b 2BGSgsl5p 85,ln1gg3+R/1ks1p4/1pp2pp1p/p2p5/5n3/P1P5P/1PKP+r4/9/LN5NL w 2BGSg2sl5p 84,S*6f,white,DUB137,dimolt77,7g8f,-30000,7g8f L*8d B*8e 8d8e 8f8e 8a9c 8e8f B*7g
sample,85,ln1gg3+R/1ks1p4/1pp2pp1p/p2p5/5n3/PKPs4P/1P1P+r4/9/LN5NL w 2BGSgsl5p 86,ln1gg3+R/1ks1p4/1pp2pp1p/p2p5/5n3/P1Ps4P/1PKP+r4/9/LN5NL b 2BGSgsl5p 85,7g8f,black,DUB137,dimolt77,L*8d,30000,L*8d B*8e 8d8e 8f8e 8a9c 8e8f B*7g 8i7g
sample,86,ln1gg3+R/1ks1p4/1pp2pp1p/pl1p5/5n3/PKPs4P/1P1P+r4/9/LN5NL b 2BGSgs5p 87,ln1gg3+R/1ks1p4/1pp2pp1p/p2p5/5n3/PKPs4P/1P1P+r4/9/LN5NL w 2BGSgsl5p 86,L*8d,white,DUB137,dimolt77,B*8e,-30000,B*8e 8d8e 8f8e 8a9c 8e8f B*7g 8i7g 6f7g
sample,87,ln1gg3+R/1ks1p4/1pp2pp1p/pl1p5/1S3n3/PKPs4P/1P1P+r4/9/LN5NL w 2BGgs5p 88,ln1gg3+R/1ks1p4/1pp2pp1p/pl1p5/5n3/PKPs4P/1P1P+r4/9/LN5NL b 2BGSgs5p 87,S*8e,black,DUB137,dimolt77,8d8e,30000,8d8e 8f8e 8a9c 8e8f S*7g 8i7g 6f7g 8f7g
sample,88,ln1gg3+R/1ks1p4/1pp2pp1p/p2p5/1l3n3/PKPs4P/1P1P+r4/9/LN5NL b 2BGg2s5p 89,ln1gg3+R/1ks1p4/1pp2pp1p/pl1p5/1S3n3/PKPs4P/1P1P+r4/9/LN5NL w 2BGgs5p 88,8d8e,white,DUB137,dimolt77,8f8e,-30000,8f8e 8a9c 8e8f S*7g 8i7g 6f7g 8f7g N*8e
sample,89,ln1gg3+R/1ks1p4/1pp2pp1p/p2p5/1K3n3/P1Ps4P/1P1P+r4/9/LN5NL w 2BGLg2s5p 90,ln1gg3+R/1ks1p4/1pp2pp1p/p2p5/1l3n3/PKPs4P/1P1P+r4/9/LN5NL b 2BGg2s5p 89,8f8e,black,DUB137,dimolt77,8a9c,30000,8a9c 8e8f S*7g 8i7g 6f7g 8f7g N*8e 7g8f
sample,90,ln1gg3+R/1ks1p4/2p2pp1p/pp1p5/1K3n3/P1Ps4P/1P1P+r4/9/LN5NL b 2BGLg2s5p 91,ln1gg3+R/1ks1p4/1pp2pp1p/p2p5/1K3n3/P1Ps4P/1P1P+r4/9/LN5NL w 2BGLg2s5p 90,8c8d,white,DUB137,dimolt77,8e8f,-30000,8e8f S*7g 8i7g 6f7g 8f7g N*8e 7g8h S*7g
sample,91,ln1gg3+R/1ks1p4/2p2pp1p/pK1p5/5n3/P1Ps4P/1P1P+r4/9/LN5NL w 2BGLPg2s5p 92,ln1gg3+R/1ks1p4/2p2pp1p/pp1p5/1K3n3/P1Ps4P/1P1P+r4/9/LN5NL b 2BGLg2s5p 91,8e8d,black,DUB137,dimolt77,G*7d,30000,G*7d
sample,92,ln1gg3+R/1k2p4/1sp2pp1p/pK1p5/5n3/P1Ps4P/1P1P+r4/9/LN5NL b 2BGLPg2s5p 93,ln1gg3+R/1ks1p4/2p2pp1p/pK1p5/5n3/P1Ps4P/1P1P+r4/9/LN5NL w 2BGLPg2s5p 92,7b8c,white,DUB137,dimolt77,8d8e,-30000,8d8e 8a9c 8e8f S*7g 8i7g 6f7g 8f7g N*8e
sample,93,ln1gg3+R/1k2p4/1sp2pp1p/p2p5/1K3n3/P1Ps4P/1P1P+r4/9/LN5NL w 2BGLPg2s5p 94,ln1gg3+R/1k2p4/1sp2pp1p/pK1p5/5n3/P1Ps4P/1P1P+r4/9/LN5NL b 2BGLPg2s5p 93,8d8e,black,DUB137,dimolt77,8a9c,30000,8a9c 8e8f S*7g 8i7g 6f7g 8f7g N*8e 7g8h
sample,94,ln1gg3+R/1k2p4/1sp2pp1p/pp1p5/1K3n3/P1Ps4P/1P1P+r4/9/LN5NL b 2BGLPg2s4p 95,ln1gg3+R/1k2p4/1sp2pp1p/p2p5/1K3n3/P1Ps4P/1P1P+r4/9/LN5NL w 2BGLPg2s5p 94,P*8d,white,DUB137,dimolt77,8e8f,-30000,8e8f S*7g 8i7g 6f7g 8f7g N*8e 7g8h S*7g
sample,95,ln1gg3+R/1k2p4/1sp2pp1p/pp1p5/5n3/PKPs4P/1P1P+r4/9/LN5NL w 2BGLPg2s4p 96,ln1gg3+R/1k2p4/1sp2pp1p/pp1p5/1K3n3/P1Ps4P/1P1P+r4/9/LN5NL b 2BGLPg2s4p 95,8e8f,black,DUB137,dimolt77,S*7g,30000,S*7g 8i7g 6f7g 8f7g N*8e 7g8h S*7g 8h8i
sample,96,ln1gg3+R/1k2p4/1sp2pp1p/pp1p5/1s3n3/PKPs4P/1P1P+r4/9/LN5NL b 2BGLPgs4p 97,ln1gg3+R/1k2p4/1sp2pp1p/pp1p5/5n3/PKPs4P/1P1P+r4/9/LN5NL w 2BGLPg2s4p 96,S*8e,white,DUB137,dimolt77,8f9g,-30000,8f9g 8e9f 9g9f 9d9e 9f8f G*8e 8f9g 9e9f
sample,97,ln1gg3+R/1k2p4/1sp2pp1p/pp1p5/1s3n3/P1Ps4P/KP1P+r4/9/LN5NL w 2BGLPgs4p 98,ln1gg3+R/1k2p4/1sp2pp1p/pp1p5/1s3n3/PKPs4P/1P1P+r4/9/LN5NL b 2BGLPgs4p 97,8f9g,black,DUB137,dimolt77,8e9f,30000,8e9f 9g9f 9d9e 9f8f G*8e 8f9g 9e9f 9g8h
sample,98,ln1gg3+R/1k2p4/1sp2pp1p/1p1p5/ps3n3/P1Ps4P/KP1P+r4/9/LN5NL b 2BGLPgs4p 99,ln1gg3+R/1k2p4/1sp2pp1p/pp1p5/1s3n3/P1Ps4P/KP1P+r4/9/LN5NL w 2BGLPgs4p 98,9d9e,white,DUB137,dimolt77,B*9c,-31111,B*7a 6a7a G*7b 8c7b L*8c 7b8c rep_inf
sample,99,ln1gg3+R/1k2p4/1sp2pp1p/1p1p5/ps3nB2/P1Ps4P/KP1P+r4/9/LN5NL w BGLPgs4p 100,ln1gg3+R/1k2p4/1sp2pp1p/1p1p5/ps3n3/P1Ps4P/KP1P+r4/9/LN5NL b 2BGLPgs4p 99,B*3e,black,DUB137,dimolt77,8e9f,30000,8e9f 9g8h 9f8g+ 8h8g 5g6g G*7g S*7h 8g8f
sample,100,ln1gg3+R/1k2p4/1sp2pp1p/1p1p5/1s3nB2/p1Ps4P/KP1P+r4/9/LN5NL b BGLPgs5p 101,ln1gg3+R/1k2p4/1sp2pp1p/1p1p5/ps3nB2/P1Ps4P/KP1P+r4/9/LN5NL w BGLPgs4p 100,9e9f,white,DUB137,dimolt77,9g8h,-30000,9g8h 9f9g+ 9i9g 9a9g+ 8h9g L*9f 9g8h S*9i
sample,101,ln1gg3+R/1k2p4/1sp2pp1p/1p1p5/1s3nB2/p1Ps4P/1P1P+r4/1K7/LN5NL w BGLPgs5p 102,ln1gg3+R/1k2p4/1sp2pp1p/1p1p5/1s3nB2/p1Ps4P/KP1P+r4/9/LN5NL b BGLPgs5p 101,9g8h,black,DUB137,dimolt77,9f9g+,30000,9f9g+ 9i9g 9a9g+ 8h9g L*9f 9g8h S*9i 8h7h
sample,102,ln1gg3+R/1k2p4/1sp2pp1p/1p1p5/1s3nB2/p1Ps4P/sP1P+r4/1K7/LN5NL b BGLPg5p 103,ln1gg3+R/1k2p4/1sp2pp1p/1p1p5/1s3nB2/p1Ps4P/1P1P+r4/1K7/LN5NL w BGLPgs5p 102,S*9g,white,DUB137,dimolt77,9i9g,-30000,9i9g 9f9g+ 8i9g 9a9g+ 8h9g 8e9f 9g8h 9f8g+
sample,103,ln1gg3+R/1k2p4/1sp2pp1p/1p1p5/1s3nB2/p1Ps4P/LP1P+r4/1K7/1N5NL w BGSLPg5p 104,ln1gg3+R/1k2p4/1sp2pp1p/1p1p5/1s3nB2/p1Ps4P/sP1P+r4/1K7/LN5NL b BGLPg5p 103,9i9g,black,DUB137,dimolt77,9f9g+,30000,9f9g+ 8i9g 9a9g+ 8h9g 8e9f 9g8h 9f8g+ 8h8g
sample,104,ln1gg3+R/1k2p4/1sp2pp1p/1p1p5/1s3nB2/2Ps4P/+pP1P+r4/1K7/1N5NL b BGSLPgl5p 105,ln1gg3+R/1k2p4/1sp2pp1p/1p1p5/1s3nB2/p1Ps4P/LP1P+r4/1K7/1N5NL w BGSLPg5p 104,9f9g+,white,DUB137,dimolt77,8i9g,-30000,8i9g 9a9g+ 8h9g 8e9f 9g8h 9f8g+ 8h8g 5g6g
sample,105,ln1gg3+R/1k2p4/1sp2pp1p/1p1p5/1s3nB2/2Ps4P/NP1P+r4/1K7/7NL w BGSL2Pgl5p 106,ln1gg3+R/1k2p4/1sp2pp1p/1p1p5/1s3nB2/2Ps4P/+pP1P+r4/1K7/1N5NL b BGSLPgl5p 105,8i9g,black,DUB137,dimolt77,9a9g+,30000,9a9g+ 8h9g 8e9f 9g8h 9f8g+ 8h8g 5g6g 8g8h
sample,106,ln1gg3+R/1k2p4/1sp2pp1p/1p1p5/1s3nB2/2Ps4P/NPgP+r4/1K7/7NL b BGSL2Pl5p 107,ln1gg3+R/1k2p4/1sp2pp1p/1p1p5/1s3nB2/2Ps4P/NP1P+r4/1K7/7NL w BGSL2Pgl5p 106,G*7g,white,DUB137,dimolt77,8h8i,-30000,8h8i L*8h 8i7i 5g5i B*6i 8h8i+ 7i8i 5i6i
sample,107,ln1gg3+R/1k2p4/1sp2pp1p/1p1p5/1s3nB2/2Ps4P/NPgP+r4/9/1K5NL w BGSL2Pl5p 108,ln1gg3+R/1k2p4/1sp2pp1p/1p1p5/1s3nB2/2Ps4P/NPgP+r4/1K7/7NL b BGSL2Pl5p 107,8h8i,black,DUB137,dimolt77,L*8h,30000,L*8h 8i7i 5g5i B*6i 8h8i+ 7i8i 5i6i L*7i
sample,108,1n1gg3+R/1k2p4/1sp2pp1p/1p1p5/1s3nB2/2Ps4P/+lPgP+r4/9/1K5NL b BGSL2Pnl5p 109,ln1gg3+R/1k2p4/1sp2pp1p/1p1p5/1s3nB2/2Ps4P/NPgP+r4/9/1K5NL w BGSL2Pl5p 108,9a9g+,white,DUB137,dimolt77,B*7a,-4176,B*7a 8b7b G*6b 6a6b 7a6b+ 5a6b G*7a 7b6c
sample,109,1nBgg3+R/1k2p4/1sp2pp1p/1p1p5/1s3nB2/2Ps4P/+lPgP+r4/9/1K5NL w GSL2Pnl5p 110,1n1gg3+R/1k2p4/1sp2pp1p/1p1p5/1s3nB2/2Ps4P/+lPgP+r4/9/1K5NL b BGSL2Pnl5p 109,B*7a,black,DUB137,dimolt77,8b7b,31111,8b7b G*6b 6a6b 7a6b+ 5a6b 1a8a 7b8a G*7a
sample,110,1nBgg3+R/2k1p4/1sp2pp1p/1p1p5/1s3nB2/2Ps4P/+lPgP+r4/9/1K5NL b GSL2Pnl5p 111,1nBgg3+R/1k2p4/1sp2pp1p/1p1p5/1s3nB2/2Ps4P/+lPgP+r4/9/1K5NL w GSL2Pnl5p 110,8b7b,white,DUB137,dimolt77,7a8b+,-31111,7a8b+ 7b8b S*9a 8b9a G*8b 9a8b rep_inf
sample,111,1nBgg3+R/1Gk1p4/1sp2pp1p/1p1p5/1s3nB2/2Ps4P/+lPgP+r4/9/1K5NL w SL2Pnl5p 112,1nBgg3+R/2k1p4/1sp2pp1p/1p1p5/1s3nB2/2Ps4P/+lPgP+r4/9/1K5NL b GSL2Pnl5p 111,G*8b,black,DUB137,dimolt77,7b6c,30000,7b6c S*7i 6a7a 3e5c+ 5b5c P*9h B*7h 8i9i
sample,112,1nBgg3+R/1G2p4/1spk1pp1p/1p1p5/1s3nB2/2Ps4P/+lPgP+r4/9/1K5NL b SL2Pnl5p 113,1nBgg3+R/1Gk1p4/1sp2pp1p/1p1p5/1s3nB2/2Ps4P/+lPgP+r4/9/1K5NL w SL2Pnl5p 112,7b6c,white,DUB137,dimolt77,7a6b+,-30000,7a6b+ 5a6b S*7b 8c7b 3e6b+ 6a6b G*7h S*8h
sample,113,1nBgg3+R/1G2p4/1spk+Bpp1p/1p1p5/1s3n3/2Ps4P/+lPgP+r4/9/1K5NL w SL2Pnl5p 114,1nBgg3+R/1G2p4/1spk1pp1p/1p1p5/1s3nB2/2Ps4P/+lPgP+r4/9/1K5NL b SL2Pnl5p 113,3e5c+,black,DUB137,dimolt77,5b5c,30000,5b5c 7a5c+ 5g5c S*7i 7g8g 6g6f 9g9h
sample,114,1nBgg3+R/1G7/1spkppp1p/1p1p5/1s3n3/2Ps4P/+lPgP+r4/9/1K5NL b SL2Pbnl5p 115,1nBgg3+R/1G2p4/1spk+Bpp1p/1p1p5/1s3n3/2Ps4P/+lPgP+r4/9/1K5NL w SL2Pnl5p 114,5b5c,white,DUB137,dimolt77,7a6b+,-30000,7a6b+ 6a6b S*7i B*7h 7i7h 7g8h
sample,115,1n1gg3+R/1G7/1spk+Bpp1p/1p1p5/1s3n3/2Ps4P/+lPgP+r4/9/1K5NL w SL3Pbnl5p 116,1nBgg3+R/1G7/1spkppp1p/1p1p5/1s3n3/2Ps4P/+lPgP+r4/9/1K5NL b SL2Pbnl5p 115,7a5c+,black,DUB137,dimolt77,5g5c,30000,5g5c S*7i 7g8g 6g6f 9g9h
sample,116,1n1gg3+R/1G7/1sp1kpp1p/1p1p5/1s3n3/2Ps4P/+lPgP+r4/9/1K5NL b SL3P2bnl5p 117,1n1gg3+R/1G7/1spk+Bpp1p/1p1p5/1s3n3/2Ps4P/+lPgP+r4/9/1K5NL w SL3Pbnl5p 116,6c5c,white,DUB137,dimolt77,1a5a,-30000,1a5a 6a5a L*5e 5g5e P*5d 5e5d S*4d 4c4d
sample,117,1n1g+R4/1G7/1sp1kpp1p/1p1p5/1s3n3/2Ps4P/+lPgP+r4/9/1K5NL w GSL3P2bnl5p 118,1n1gg3+R/1G7/1sp1kpp1p/1p1p5/1s3n3/2Ps4P/+lPgP+r4/9/1K5NL b SL3P2bnl5p 117,1a5a,black,DUB137,dimolt77,6a5a,30000,6a5a L*5e 5g5e P*5d 5e5d S*4d 4c4d G*6c
sample,118,1n2g4/1G7/1sp1kpp1p/1p1p5/1s3n3/2Ps4P/+lPgP+r4/9/1K5NL b GSL3Pr2bnl5p 119,1n1g+R4/1G7/1sp1kpp1p/1p1p5/1s3n3/2Ps4P/+lPgP+r4/9/1K5NL w GSL3P2bnl5p 118,6a5a,white,DUB137,dimolt77,L*5e,-30000,L*5e 5g5e P*5d 5e5d S*4d 4c4d G*6c 5c6c
sample,119,1n2g4/1G7/1sp1kpp1p/1p1p5/1s3n3/2PsL3P/+lPgP+r4/9/1K5NL w GS3Pr2bnl5p 120,1n2g4/1G7/1sp1kpp1p/1p1p5/1s3n3/2Ps4P/+lPgP+r4/9/1K5NL b GSL3Pr2bnl5p 119,L*5f,black,DUB137,dimolt77,5g5f,30000,5g5f G*4d 5c4d S*3e 4d5d P*5e 6f5e 8b8a
sample,120,1n2g4/1G7/1sp2pp1p/1p1p1k3/1s3n3/2PsL3P/+lPgP+r4/9/1K5NL b GS3Pr2bnl5p 121,1n2g4/1G7/1sp1kpp1p/1p1p5/1s3n3/2PsL3P/+lPgP+r4/9/1K5NL w GS3Pr2bnl5p 120,5c4d,white,DUB137,dimolt77,S*5c,-30000,S*5c 4d3e 5c4d 4c4d P*3f 3e4f P*4g 5g4g
sample,121,1n2g4/1G7/1sp2pp1p/1p1p1k3/1s3nS2/2PsL3P/+lPgP+r4/9/1K5NL w G3Pr2bnl5p 122,1n2g4/1G7/1sp2pp1p/1p1p1k3/1s3n3/2PsL3P/+lPgP+r4/9/1K5NL b GS3Pr2bnl5p 121,S*3e,black,DUB137,dimolt77,4d3e,30000,4d3e P*3f 3e4f P*4g 5g4g G*5g 4e5g+ 5f5a+
sample,122,1n2g4/1G7/1sp2pp1p/1p1p5/1s3nk2/2PsL3P/+lPgP+r4/9/1K5NL b G3Pr2bsnl5p 123,1n2g4/1G7/1sp2pp1p/1p1p1k3/1s3nS2/2PsL3P/+lPgP+r4/9/1K5NL w G3Pr2bnl5p 122,4d3e,white,DUB137,dimolt77,P*3f,-30000,P*3f 3e4f P*4g 5g4g G*5g 4e5g+ 5f5a+ G*8h
sample,123,1n2g4/1G7/1sp2pp1p/1p1p5/1s3nkG1/2PsL3P/+lPgP+r4/9/1K5NL w 3Pr2bsnl5p 124,1n2g4/1G7/1sp2pp1p/1p1p5/1s3nk2/2PsL3P/+lPgP+r4/9/1K5NL b G3Pr2bsnl5p 123,G*2e,black,DUB137,dimolt77,3e4f,30000,3e4f P*4g 5g4g 5f5a+ S*8h
sample,124,1n2g4/1G7/1sp2pp1p/1p1p5/1s3n1G1/2PsLk2P/+lPgP+r4/9/1K5NL b 3Pr2bsnl5p 125,1n2g4/1G7/1sp2pp1p/1p1p5/1s3nkG1/2PsL3P/+lPgP+r4/9/1K5NL w 3Pr2bsnl5p 124,3e4f,white,DUB137,dimolt77,P*4g,-30000,P*4g 5g4g 5f5a+ S*8h
